symbol,category,source,present_in_library
AKT3,KEGG_TCR_SIGNALING,MSigDB KEGG_T_CELL_RECEPTOR_SIGNALING_PATHWAY (M9904 hsa04660) c2.cp.kegg_legacy gsea-msigdb.org accessed 2026-07,True
RASGRP1,KEGG_TCR_SIGNALING,MSigDB KEGG_T_CELL_RECEPTOR_SIGNALING_PATHWAY (M9904 hsa04660) c2.cp.kegg_legacy gsea-msigdb.org accessed 2026-07,True
CDK4,KEGG_TCR_SIGNALING,MSigDB KEGG_T_CELL_RECEPTOR_SIGNALING_PATHWAY (M9904 hsa04660) c2.cp.kegg_legacy gsea-msigdb.org accessed 2026-07,True
PAK4,KEGG_TCR_SIGNALING,MSigDB KEGG_T_CELL_RECEPTOR_SIGNALING_PATHWAY (M9904 hsa04660) c2.cp.kegg_legacy gsea-msigdb.org accessed 2026-07,True
VAV3,KEGG_TCR_SIGNALING,MSigDB KEGG_T_CELL_RECEPTOR_SIGNALING_PATHWAY (M9904 hsa04660) c2.cp.kegg_legacy gsea-msigdb.org accessed 2026-07,True
NFAT5,KEGG_TCR_SIGNALING,MSigDB KEGG_T_CELL_RECEPTOR_SIGNALING_PATHWAY (M9904 hsa04660) c2.cp.kegg_legacy gsea-msigdb.org accessed 2026-07,True
MALT1,KEGG_TCR_SIGNALING,MSigDB KEGG_T_CELL_RECEPTOR_SIGNALING_PATHWAY (M9904 hsa04660) c2.cp.kegg_legacy gsea-msigdb.org accessed 2026-07,True
CHP1,KEGG_TCR_SIGNALING,MSigDB KEGG_T_CELL_RECEPTOR_SIGNALING_PATHWAY (M9904 hsa04660) c2.cp.kegg_legacy gsea-msigdb.org accessed 2026-07,True
CHUK,KEGG_TCR_SIGNALING,MSigDB KEGG_T_CELL_RECEPTOR_SIGNALING_PATHWAY (M9904 hsa04660) c2.cp.kegg_legacy gsea-msigdb.org accessed 2026-07,True
MAP3K8,KEGG_TCR_SIGNALING,MSigDB KEGG_T_CELL_RECEPTOR_SIGNALING_PATHWAY (M9904 hsa04660) c2.cp.kegg_legacy gsea-msigdb.org accessed 2026-07,True
MAPK14,KEGG_TCR_SIGNALING,MSigDB KEGG_T_CELL_RECEPTOR_SIGNALING_PATHWAY (M9904 hsa04660) c2.cp.kegg_legacy gsea-msigdb.org accessed 2026-07,True
CSF2,KEGG_TCR_SIGNALING,MSigDB KEGG_T_CELL_RECEPTOR_SIGNALING_PATHWAY (M9904 hsa04660) c2.cp.kegg_legacy gsea-msigdb.org accessed 2026-07,True
CTLA4,KEGG_TCR_SIGNALING,MSigDB KEGG_T_CELL_RECEPTOR_SIGNALING_PATHWAY (M9904 hsa04660) c2.cp.kegg_legacy gsea-msigdb.org accessed 2026-07,True
DLG1,KEGG_TCR_SIGNALING,MSigDB KEGG_T_CELL_RECEPTOR_SIGNALING_PATHWAY (M9904 hsa04660) c2.cp.kegg_legacy gsea-msigdb.org accessed 2026-07,True
AKT1,KEGG_TCR_SIGNALING,MSigDB KEGG_T_CELL_RECEPTOR_SIGNALING_PATHWAY (M9904 hsa04660) c2.cp.kegg_legacy gsea-msigdb.org accessed 2026-07,True
AKT2,KEGG_TCR_SIGNALING,MSigDB KEGG_T_CELL_RECEPTOR_SIGNALING_PATHWAY (M9904 hsa04660) c2.cp.kegg_legacy gsea-msigdb.org accessed 2026-07,True
FOS,KEGG_TCR_SIGNALING,MSigDB KEGG_T_CELL_RECEPTOR_SIGNALING_PATHWAY (M9904 hsa04660) c2.cp.kegg_legacy gsea-msigdb.org accessed 2026-07,True
PIK3R5,KEGG_TCR_SIGNALING,MSigDB KEGG_T_CELL_RECEPTOR_SIGNALING_PATHWAY (M9904 hsa04660) c2.cp.kegg_legacy gsea-msigdb.org accessed 2026-07,True
CBLC,KEGG_TCR_SIGNALING,MSigDB KEGG_T_CELL_RECEPTOR_SIGNALING_PATHWAY (M9904 hsa04660) c2.cp.kegg_legacy gsea-msigdb.org accessed 2026-07,False
FYN,KEGG_TCR_SIGNALING,MSigDB KEGG_T_CELL_RECEPTOR_SIGNALING_PATHWAY (M9904 hsa04660) c2.cp.kegg_legacy gsea-msigdb.org accessed 2026-07,True
LAT,KEGG_TCR_SIGNALING,MSigDB KEGG_T_CELL_RECEPTOR_SIGNALING_PATHWAY (M9904 hsa04660) c2.cp.kegg_legacy gsea-msigdb.org accessed 2026-07,True
GRB2,KEGG_TCR_SIGNALING,MSigDB KEGG_T_CELL_RECEPTOR_SIGNALING_PATHWAY (M9904 hsa04660) c2.cp.kegg_legacy gsea-msigdb.org accessed 2026-07,True
GSK3B,KEGG_TCR_SIGNALING,MSigDB KEGG_T_CELL_RECEPTOR_SIGNALING_PATHWAY (M9904 hsa04660) c2.cp.kegg_legacy gsea-msigdb.org accessed 2026-07,True
ICOS,KEGG_TCR_SIGNALING,MSigDB KEGG_T_CELL_RECEPTOR_SIGNALING_PATHWAY (M9904 hsa04660) c2.cp.kegg_legacy gsea-msigdb.org accessed 2026-07,True
HRAS,KEGG_TCR_SIGNALING,MSigDB KEGG_T_CELL_RECEPTOR_SIGNALING_PATHWAY (M9904 hsa04660) c2.cp.kegg_legacy gsea-msigdb.org accessed 2026-07,True
IFNG,KEGG_TCR_SIGNALING,MSigDB KEGG_T_CELL_RECEPTOR_SIGNALING_PATHWAY (M9904 hsa04660) c2.cp.kegg_legacy gsea-msigdb.org accessed 2026-07,True
IKBKB,KEGG_TCR_SIGNALING,MSigDB KEGG_T_CELL_RECEPTOR_SIGNALING_PATHWAY (M9904 hsa04660) c2.cp.kegg_legacy gsea-msigdb.org accessed 2026-07,True
IL2,KEGG_TCR_SIGNALING,MSigDB KEGG_T_CELL_RECEPTOR_SIGNALING_PATHWAY (M9904 hsa04660) c2.cp.kegg_legacy gsea-msigdb.org accessed 2026-07,True
IL4,KEGG_TCR_SIGNALING,MSigDB KEGG_T_CELL_RECEPTOR_SIGNALING_PATHWAY (M9904 hsa04660) c2.cp.kegg_legacy gsea-msigdb.org accessed 2026-07,True
IL5,KEGG_TCR_SIGNALING,MSigDB KEGG_T_CELL_RECEPTOR_SIGNALING_PATHWAY (M9904 hsa04660) c2.cp.kegg_legacy gsea-msigdb.org accessed 2026-07,True
IL10,KEGG_TCR_SIGNALING,MSigDB KEGG_T_CELL_RECEPTOR_SIGNALING_PATHWAY (M9904 hsa04660) c2.cp.kegg_legacy gsea-msigdb.org accessed 2026-07,True
ITK,KEGG_TCR_SIGNALING,MSigDB KEGG_T_CELL_RECEPTOR_SIGNALING_PATHWAY (M9904 hsa04660) c2.cp.kegg_legacy gsea-msigdb.org accessed 2026-07,True
JUN,KEGG_TCR_SIGNALING,MSigDB KEGG_T_CELL_RECEPTOR_SIGNALING_PATHWAY (M9904 hsa04660) c2.cp.kegg_legacy gsea-msigdb.org accessed 2026-07,True
KRAS,KEGG_TCR_SIGNALING,MSigDB KEGG_T_CELL_RECEPTOR_SIGNALING_PATHWAY (M9904 hsa04660) c2.cp.kegg_legacy gsea-msigdb.org accessed 2026-07,True
RHOA,KEGG_TCR_SIGNALING,MSigDB KEGG_T_CELL_RECEPTOR_SIGNALING_PATHWAY (M9904 hsa04660) c2.cp.kegg_legacy gsea-msigdb.org accessed 2026-07,True
LCK,KEGG_TCR_SIGNALING,MSigDB KEGG_T_CELL_RECEPTOR_SIGNALING_PATHWAY (M9904 hsa04660) c2.cp.kegg_legacy gsea-msigdb.org accessed 2026-07,True
LCP2,KEGG_TCR_SIGNALING,MSigDB KEGG_T_CELL_RECEPTOR_SIGNALING_PATHWAY (M9904 hsa04660) c2.cp.kegg_legacy gsea-msigdb.org accessed 2026-07,True
NCK1,KEGG_TCR_SIGNALING,MSigDB KEGG_T_CELL_RECEPTOR_SIGNALING_PATHWAY (M9904 hsa04660) c2.cp.kegg_legacy gsea-msigdb.org accessed 2026-07,True
NFATC1,KEGG_TCR_SIGNALING,MSigDB KEGG_T_CELL_RECEPTOR_SIGNALING_PATHWAY (M9904 hsa04660) c2.cp.kegg_legacy gsea-msigdb.org accessed 2026-07,True
NFATC2,KEGG_TCR_SIGNALING,MSigDB KEGG_T_CELL_RECEPTOR_SIGNALING_PATHWAY (M9904 hsa04660) c2.cp.kegg_legacy gsea-msigdb.org accessed 2026-07,True
NFATC3,KEGG_TCR_SIGNALING,MSigDB KEGG_T_CELL_RECEPTOR_SIGNALING_PATHWAY (M9904 hsa04660) c2.cp.kegg_legacy gsea-msigdb.org accessed 2026-07,True
NFATC4,KEGG_TCR_SIGNALING,MSigDB KEGG_T_CELL_RECEPTOR_SIGNALING_PATHWAY (M9904 hsa04660) c2.cp.kegg_legacy gsea-msigdb.org accessed 2026-07,True
NFKB1,KEGG_TCR_SIGNALING,MSigDB KEGG_T_CELL_RECEPTOR_SIGNALING_PATHWAY (M9904 hsa04660) c2.cp.kegg_legacy gsea-msigdb.org accessed 2026-07,True
NFKBIA,KEGG_TCR_SIGNALING,MSigDB KEGG_T_CELL_RECEPTOR_SIGNALING_PATHWAY (M9904 hsa04660) c2.cp.kegg_legacy gsea-msigdb.org accessed 2026-07,True
NFKBIB,KEGG_TCR_SIGNALING,MSigDB KEGG_T_CELL_RECEPTOR_SIGNALING_PATHWAY (M9904 hsa04660) c2.cp.kegg_legacy gsea-msigdb.org accessed 2026-07,True
NFKBIE,KEGG_TCR_SIGNALING,MSigDB KEGG_T_CELL_RECEPTOR_SIGNALING_PATHWAY (M9904 hsa04660) c2.cp.kegg_legacy gsea-msigdb.org accessed 2026-07,False
NRAS,KEGG_TCR_SIGNALING,MSigDB KEGG_T_CELL_RECEPTOR_SIGNALING_PATHWAY (M9904 hsa04660) c2.cp.kegg_legacy gsea-msigdb.org accessed 2026-07,True
PAK1,KEGG_TCR_SIGNALING,MSigDB KEGG_T_CELL_RECEPTOR_SIGNALING_PATHWAY (M9904 hsa04660) c2.cp.kegg_legacy gsea-msigdb.org accessed 2026-07,True
PAK2,KEGG_TCR_SIGNALING,MSigDB KEGG_T_CELL_RECEPTOR_SIGNALING_PATHWAY (M9904 hsa04660) c2.cp.kegg_legacy gsea-msigdb.org accessed 2026-07,True
PAK3,KEGG_TCR_SIGNALING,MSigDB KEGG_T_CELL_RECEPTOR_SIGNALING_PATHWAY (M9904 hsa04660) c2.cp.kegg_legacy gsea-msigdb.org accessed 2026-07,True
PDCD1,KEGG_TCR_SIGNALING,MSigDB KEGG_T_CELL_RECEPTOR_SIGNALING_PATHWAY (M9904 hsa04660) c2.cp.kegg_legacy gsea-msigdb.org accessed 2026-07,True
PDPK1,KEGG_TCR_SIGNALING,MSigDB KEGG_T_CELL_RECEPTOR_SIGNALING_PATHWAY (M9904 hsa04660) c2.cp.kegg_legacy gsea-msigdb.org accessed 2026-07,True
PIK3CA,KEGG_TCR_SIGNALING,MSigDB KEGG_T_CELL_RECEPTOR_SIGNALING_PATHWAY (M9904 hsa04660) c2.cp.kegg_legacy gsea-msigdb.org accessed 2026-07,True
PIK3CB,KEGG_TCR_SIGNALING,MSigDB KEGG_T_CELL_RECEPTOR_SIGNALING_PATHWAY (M9904 hsa04660) c2.cp.kegg_legacy gsea-msigdb.org accessed 2026-07,True
PIK3CD,KEGG_TCR_SIGNALING,MSigDB KEGG_T_CELL_RECEPTOR_SIGNALING_PATHWAY (M9904 hsa04660) c2.cp.kegg_legacy gsea-msigdb.org accessed 2026-07,True
PIK3CG,KEGG_TCR_SIGNALING,MSigDB KEGG_T_CELL_RECEPTOR_SIGNALING_PATHWAY (M9904 hsa04660) c2.cp.kegg_legacy gsea-msigdb.org accessed 2026-07,True
PIK3R1,KEGG_TCR_SIGNALING,MSigDB KEGG_T_CELL_RECEPTOR_SIGNALING_PATHWAY (M9904 hsa04660) c2.cp.kegg_legacy gsea-msigdb.org accessed 2026-07,True
PIK3R2,KEGG_TCR_SIGNALING,MSigDB KEGG_T_CELL_RECEPTOR_SIGNALING_PATHWAY (M9904 hsa04660) c2.cp.kegg_legacy gsea-msigdb.org accessed 2026-07,True
PLCG1,KEGG_TCR_SIGNALING,MSigDB KEGG_T_CELL_RECEPTOR_SIGNALING_PATHWAY (M9904 hsa04660) c2.cp.kegg_legacy gsea-msigdb.org accessed 2026-07,True
PPP3CA,KEGG_TCR_SIGNALING,MSigDB KEGG_T_CELL_RECEPTOR_SIGNALING_PATHWAY (M9904 hsa04660) c2.cp.kegg_legacy gsea-msigdb.org accessed 2026-07,True
PPP3CB,KEGG_TCR_SIGNALING,MSigDB KEGG_T_CELL_RECEPTOR_SIGNALING_PATHWAY (M9904 hsa04660) c2.cp.kegg_legacy gsea-msigdb.org accessed 2026-07,True
PPP3CC,KEGG_TCR_SIGNALING,MSigDB KEGG_T_CELL_RECEPTOR_SIGNALING_PATHWAY (M9904 hsa04660) c2.cp.kegg_legacy gsea-msigdb.org accessed 2026-07,True
PPP3R1,KEGG_TCR_SIGNALING,MSigDB KEGG_T_CELL_RECEPTOR_SIGNALING_PATHWAY (M9904 hsa04660) c2.cp.kegg_legacy gsea-msigdb.org accessed 2026-07,True
PPP3R2,KEGG_TCR_SIGNALING,MSigDB KEGG_T_CELL_RECEPTOR_SIGNALING_PATHWAY (M9904 hsa04660) c2.cp.kegg_legacy gsea-msigdb.org accessed 2026-07,False
PRKCQ,KEGG_TCR_SIGNALING,MSigDB KEGG_T_CELL_RECEPTOR_SIGNALING_PATHWAY (M9904 hsa04660) c2.cp.kegg_legacy gsea-msigdb.org accessed 2026-07,True
MAPK1,KEGG_TCR_SIGNALING,MSigDB KEGG_T_CELL_RECEPTOR_SIGNALING_PATHWAY (M9904 hsa04660) c2.cp.kegg_legacy gsea-msigdb.org accessed 2026-07,True
MAPK3,KEGG_TCR_SIGNALING,MSigDB KEGG_T_CELL_RECEPTOR_SIGNALING_PATHWAY (M9904 hsa04660) c2.cp.kegg_legacy gsea-msigdb.org accessed 2026-07,True
MAPK11,KEGG_TCR_SIGNALING,MSigDB KEGG_T_CELL_RECEPTOR_SIGNALING_PATHWAY (M9904 hsa04660) c2.cp.kegg_legacy gsea-msigdb.org accessed 2026-07,True
MAPK9,KEGG_TCR_SIGNALING,MSigDB KEGG_T_CELL_RECEPTOR_SIGNALING_PATHWAY (M9904 hsa04660) c2.cp.kegg_legacy gsea-msigdb.org accessed 2026-07,True
MAPK13,KEGG_TCR_SIGNALING,MSigDB KEGG_T_CELL_RECEPTOR_SIGNALING_PATHWAY (M9904 hsa04660) c2.cp.kegg_legacy gsea-msigdb.org accessed 2026-07,True
MAP2K1,KEGG_TCR_SIGNALING,MSigDB KEGG_T_CELL_RECEPTOR_SIGNALING_PATHWAY (M9904 hsa04660) c2.cp.kegg_legacy gsea-msigdb.org accessed 2026-07,True
MAP2K2,KEGG_TCR_SIGNALING,MSigDB KEGG_T_CELL_RECEPTOR_SIGNALING_PATHWAY (M9904 hsa04660) c2.cp.kegg_legacy gsea-msigdb.org accessed 2026-07,True
MAP2K7,KEGG_TCR_SIGNALING,MSigDB KEGG_T_CELL_RECEPTOR_SIGNALING_PATHWAY (M9904 hsa04660) c2.cp.kegg_legacy gsea-msigdb.org accessed 2026-07,False
PAK6,KEGG_TCR_SIGNALING,MSigDB KEGG_T_CELL_RECEPTOR_SIGNALING_PATHWAY (M9904 hsa04660) c2.cp.kegg_legacy gsea-msigdb.org accessed 2026-07,False
PAK5,KEGG_TCR_SIGNALING,MSigDB KEGG_T_CELL_RECEPTOR_SIGNALING_PATHWAY (M9904 hsa04660) c2.cp.kegg_legacy gsea-msigdb.org accessed 2026-07,False
PTPN6,KEGG_TCR_SIGNALING,MSigDB KEGG_T_CELL_RECEPTOR_SIGNALING_PATHWAY (M9904 hsa04660) c2.cp.kegg_legacy gsea-msigdb.org accessed 2026-07,True
PTPRC,KEGG_TCR_SIGNALING,MSigDB KEGG_T_CELL_RECEPTOR_SIGNALING_PATHWAY (M9904 hsa04660) c2.cp.kegg_legacy gsea-msigdb.org accessed 2026-07,True
RAF1,KEGG_TCR_SIGNALING,MSigDB KEGG_T_CELL_RECEPTOR_SIGNALING_PATHWAY (M9904 hsa04660) c2.cp.kegg_legacy gsea-msigdb.org accessed 2026-07,True
RELA,KEGG_TCR_SIGNALING,MSigDB KEGG_T_CELL_RECEPTOR_SIGNALING_PATHWAY (M9904 hsa04660) c2.cp.kegg_legacy gsea-msigdb.org accessed 2026-07,True
MAPK12,KEGG_TCR_SIGNALING,MSigDB KEGG_T_CELL_RECEPTOR_SIGNALING_PATHWAY (M9904 hsa04660) c2.cp.kegg_legacy gsea-msigdb.org accessed 2026-07,True
CHP2,KEGG_TCR_SIGNALING,MSigDB KEGG_T_CELL_RECEPTOR_SIGNALING_PATHWAY (M9904 hsa04660) c2.cp.kegg_legacy gsea-msigdb.org accessed 2026-07,False
SOS1,KEGG_TCR_SIGNALING,MSigDB KEGG_T_CELL_RECEPTOR_SIGNALING_PATHWAY (M9904 hsa04660) c2.cp.kegg_legacy gsea-msigdb.org accessed 2026-07,True
SOS2,KEGG_TCR_SIGNALING,MSigDB KEGG_T_CELL_RECEPTOR_SIGNALING_PATHWAY (M9904 hsa04660) c2.cp.kegg_legacy gsea-msigdb.org accessed 2026-07,True
MAP3K7,KEGG_TCR_SIGNALING,MSigDB KEGG_T_CELL_RECEPTOR_SIGNALING_PATHWAY (M9904 hsa04660) c2.cp.kegg_legacy gsea-msigdb.org accessed 2026-07,False
TEC,KEGG_TCR_SIGNALING,MSigDB KEGG_T_CELL_RECEPTOR_SIGNALING_PATHWAY (M9904 hsa04660) c2.cp.kegg_legacy gsea-msigdb.org accessed 2026-07,True
TNF,KEGG_TCR_SIGNALING,MSigDB KEGG_T_CELL_RECEPTOR_SIGNALING_PATHWAY (M9904 hsa04660) c2.cp.kegg_legacy gsea-msigdb.org accessed 2026-07,True
VAV1,KEGG_TCR_SIGNALING,MSigDB KEGG_T_CELL_RECEPTOR_SIGNALING_PATHWAY (M9904 hsa04660) c2.cp.kegg_legacy gsea-msigdb.org accessed 2026-07,True
VAV2,KEGG_TCR_SIGNALING,MSigDB KEGG_T_CELL_RECEPTOR_SIGNALING_PATHWAY (M9904 hsa04660) c2.cp.kegg_legacy gsea-msigdb.org accessed 2026-07,False
ZAP70,KEGG_TCR_SIGNALING,MSigDB KEGG_T_CELL_RECEPTOR_SIGNALING_PATHWAY (M9904 hsa04660) c2.cp.kegg_legacy gsea-msigdb.org accessed 2026-07,True
NCK2,KEGG_TCR_SIGNALING,MSigDB KEGG_T_CELL_RECEPTOR_SIGNALING_PATHWAY (M9904 hsa04660) c2.cp.kegg_legacy gsea-msigdb.org accessed 2026-07,True
CARD11,KEGG_TCR_SIGNALING,MSigDB KEGG_T_CELL_RECEPTOR_SIGNALING_PATHWAY (M9904 hsa04660) c2.cp.kegg_legacy gsea-msigdb.org accessed 2026-07,True
PIK3R3,KEGG_TCR_SIGNALING,MSigDB KEGG_T_CELL_RECEPTOR_SIGNALING_PATHWAY (M9904 hsa04660) c2.cp.kegg_legacy gsea-msigdb.org accessed 2026-07,False
IKBKG,KEGG_TCR_SIGNALING,MSigDB KEGG_T_CELL_RECEPTOR_SIGNALING_PATHWAY (M9904 hsa04660) c2.cp.kegg_legacy gsea-msigdb.org accessed 2026-07,False
CBL,KEGG_TCR_SIGNALING,MSigDB KEGG_T_CELL_RECEPTOR_SIGNALING_PATHWAY (M9904 hsa04660) c2.cp.kegg_legacy gsea-msigdb.org accessed 2026-07,True
CBLB,KEGG_TCR_SIGNALING,MSigDB KEGG_T_CELL_RECEPTOR_SIGNALING_PATHWAY (M9904 hsa04660) c2.cp.kegg_legacy gsea-msigdb.org accessed 2026-07,True
BCL10,KEGG_TCR_SIGNALING,MSigDB KEGG_T_CELL_RECEPTOR_SIGNALING_PATHWAY (M9904 hsa04660) c2.cp.kegg_legacy gsea-msigdb.org accessed 2026-07,True
MAP3K14,KEGG_TCR_SIGNALING,MSigDB KEGG_T_CELL_RECEPTOR_SIGNALING_PATHWAY (M9904 hsa04660) c2.cp.kegg_legacy gsea-msigdb.org accessed 2026-07,True
CD3D,KEGG_TCR_SIGNALING,MSigDB KEGG_T_CELL_RECEPTOR_SIGNALING_PATHWAY (M9904 hsa04660) c2.cp.kegg_legacy gsea-msigdb.org accessed 2026-07,True
CD3E,KEGG_TCR_SIGNALING,MSigDB KEGG_T_CELL_RECEPTOR_SIGNALING_PATHWAY (M9904 hsa04660) c2.cp.kegg_legacy gsea-msigdb.org accessed 2026-07,True
CD3G,KEGG_TCR_SIGNALING,MSigDB KEGG_T_CELL_RECEPTOR_SIGNALING_PATHWAY (M9904 hsa04660) c2.cp.kegg_legacy gsea-msigdb.org accessed 2026-07,True
CD247,KEGG_TCR_SIGNALING,MSigDB KEGG_T_CELL_RECEPTOR_SIGNALING_PATHWAY (M9904 hsa04660) c2.cp.kegg_legacy gsea-msigdb.org accessed 2026-07,True
CD4,KEGG_TCR_SIGNALING,MSigDB KEGG_T_CELL_RECEPTOR_SIGNALING_PATHWAY (M9904 hsa04660) c2.cp.kegg_legacy gsea-msigdb.org accessed 2026-07,True
CD8A,KEGG_TCR_SIGNALING,MSigDB KEGG_T_CELL_RECEPTOR_SIGNALING_PATHWAY (M9904 hsa04660) c2.cp.kegg_legacy gsea-msigdb.org accessed 2026-07,True
CD8B,KEGG_TCR_SIGNALING,MSigDB KEGG_T_CELL_RECEPTOR_SIGNALING_PATHWAY (M9904 hsa04660) c2.cp.kegg_legacy gsea-msigdb.org accessed 2026-07,True
CD28,KEGG_TCR_SIGNALING,MSigDB KEGG_T_CELL_RECEPTOR_SIGNALING_PATHWAY (M9904 hsa04660) c2.cp.kegg_legacy gsea-msigdb.org accessed 2026-07,True
GRAP2,KEGG_TCR_SIGNALING,MSigDB KEGG_T_CELL_RECEPTOR_SIGNALING_PATHWAY (M9904 hsa04660) c2.cp.kegg_legacy gsea-msigdb.org accessed 2026-07,True
CD40LG,KEGG_TCR_SIGNALING,MSigDB KEGG_T_CELL_RECEPTOR_SIGNALING_PATHWAY (M9904 hsa04660) c2.cp.kegg_legacy gsea-msigdb.org accessed 2026-07,True
CDC42,KEGG_TCR_SIGNALING,MSigDB KEGG_T_CELL_RECEPTOR_SIGNALING_PATHWAY (M9904 hsa04660) c2.cp.kegg_legacy gsea-msigdb.org accessed 2026-07,True
AKT3,KEGG_JAK_STAT_SIGNALING,MSigDB KEGG_JAK_STAT_SIGNALING_PATHWAY (M17411 hsa04630) c2.cp.kegg_legacy gsea-msigdb.org accessed 2026-07,True
SPRY3,KEGG_JAK_STAT_SIGNALING,MSigDB KEGG_JAK_STAT_SIGNALING_PATHWAY (M17411 hsa04630) c2.cp.kegg_legacy gsea-msigdb.org accessed 2026-07,False
SPRY1,KEGG_JAK_STAT_SIGNALING,MSigDB KEGG_JAK_STAT_SIGNALING_PATHWAY (M17411 hsa04630) c2.cp.kegg_legacy gsea-msigdb.org accessed 2026-07,True
SPRY2,KEGG_JAK_STAT_SIGNALING,MSigDB KEGG_JAK_STAT_SIGNALING_PATHWAY (M17411 hsa04630) c2.cp.kegg_legacy gsea-msigdb.org accessed 2026-07,True
STAM2,KEGG_JAK_STAT_SIGNALING,MSigDB KEGG_JAK_STAT_SIGNALING_PATHWAY (M17411 hsa04630) c2.cp.kegg_legacy gsea-msigdb.org accessed 2026-07,True
IRF9,KEGG_JAK_STAT_SIGNALING,MSigDB KEGG_JAK_STAT_SIGNALING_PATHWAY (M17411 hsa04630) c2.cp.kegg_legacy gsea-msigdb.org accessed 2026-07,True
PIAS3,KEGG_JAK_STAT_SIGNALING,MSigDB KEGG_JAK_STAT_SIGNALING_PATHWAY (M17411 hsa04630) c2.cp.kegg_legacy gsea-msigdb.org accessed 2026-07,True
IL24,KEGG_JAK_STAT_SIGNALING,MSigDB KEGG_JAK_STAT_SIGNALING_PATHWAY (M17411 hsa04630) c2.cp.kegg_legacy gsea-msigdb.org accessed 2026-07,True
CISH,KEGG_JAK_STAT_SIGNALING,MSigDB KEGG_JAK_STAT_SIGNALING_PATHWAY (M17411 hsa04630) c2.cp.kegg_legacy gsea-msigdb.org accessed 2026-07,True
IL22RA2,KEGG_JAK_STAT_SIGNALING,MSigDB KEGG_JAK_STAT_SIGNALING_PATHWAY (M17411 hsa04630) c2.cp.kegg_legacy gsea-msigdb.org accessed 2026-07,False
SOCS4,KEGG_JAK_STAT_SIGNALING,MSigDB KEGG_JAK_STAT_SIGNALING_PATHWAY (M17411 hsa04630) c2.cp.kegg_legacy gsea-msigdb.org accessed 2026-07,True
CNTF,KEGG_JAK_STAT_SIGNALING,MSigDB KEGG_JAK_STAT_SIGNALING_PATHWAY (M17411 hsa04630) c2.cp.kegg_legacy gsea-msigdb.org accessed 2026-07,True
CNTFR,KEGG_JAK_STAT_SIGNALING,MSigDB KEGG_JAK_STAT_SIGNALING_PATHWAY (M17411 hsa04630) c2.cp.kegg_legacy gsea-msigdb.org accessed 2026-07,False
CREBBP,KEGG_JAK_STAT_SIGNALING,MSigDB KEGG_JAK_STAT_SIGNALING_PATHWAY (M17411 hsa04630) c2.cp.kegg_legacy gsea-msigdb.org accessed 2026-07,True
CSF2,KEGG_JAK_STAT_SIGNALING,MSigDB KEGG_JAK_STAT_SIGNALING_PATHWAY (M17411 hsa04630) c2.cp.kegg_legacy gsea-msigdb.org accessed 2026-07,True
CSF2RA,KEGG_JAK_STAT_SIGNALING,MSigDB KEGG_JAK_STAT_SIGNALING_PATHWAY (M17411 hsa04630) c2.cp.kegg_legacy gsea-msigdb.org accessed 2026-07,True
CSF2RB,KEGG_JAK_STAT_SIGNALING,MSigDB KEGG_JAK_STAT_SIGNALING_PATHWAY (M17411 hsa04630) c2.cp.kegg_legacy gsea-msigdb.org accessed 2026-07,True
CSF3,KEGG_JAK_STAT_SIGNALING,MSigDB KEGG_JAK_STAT_SIGNALING_PATHWAY (M17411 hsa04630) c2.cp.kegg_legacy gsea-msigdb.org accessed 2026-07,False
CSF3R,KEGG_JAK_STAT_SIGNALING,MSigDB KEGG_JAK_STAT_SIGNALING_PATHWAY (M17411 hsa04630) c2.cp.kegg_legacy gsea-msigdb.org accessed 2026-07,True
CSH1,KEGG_JAK_STAT_SIGNALING,MSigDB KEGG_JAK_STAT_SIGNALING_PATHWAY (M17411 hsa04630) c2.cp.kegg_legacy gsea-msigdb.org accessed 2026-07,True
CTF1,KEGG_JAK_STAT_SIGNALING,MSigDB KEGG_JAK_STAT_SIGNALING_PATHWAY (M17411 hsa04630) c2.cp.kegg_legacy gsea-msigdb.org accessed 2026-07,False
IL23R,KEGG_JAK_STAT_SIGNALING,MSigDB KEGG_JAK_STAT_SIGNALING_PATHWAY (M17411 hsa04630) c2.cp.kegg_legacy gsea-msigdb.org accessed 2026-07,True
SPRED1,KEGG_JAK_STAT_SIGNALING,MSigDB KEGG_JAK_STAT_SIGNALING_PATHWAY (M17411 hsa04630) c2.cp.kegg_legacy gsea-msigdb.org accessed 2026-07,False
IFNLR1,KEGG_JAK_STAT_SIGNALING,MSigDB KEGG_JAK_STAT_SIGNALING_PATHWAY (M17411 hsa04630) c2.cp.kegg_legacy gsea-msigdb.org accessed 2026-07,True
SPRED2,KEGG_JAK_STAT_SIGNALING,MSigDB KEGG_JAK_STAT_SIGNALING_PATHWAY (M17411 hsa04630) c2.cp.kegg_legacy gsea-msigdb.org accessed 2026-07,True
EP300,KEGG_JAK_STAT_SIGNALING,MSigDB KEGG_JAK_STAT_SIGNALING_PATHWAY (M17411 hsa04630) c2.cp.kegg_legacy gsea-msigdb.org accessed 2026-07,True
EPO,KEGG_JAK_STAT_SIGNALING,MSigDB KEGG_JAK_STAT_SIGNALING_PATHWAY (M17411 hsa04630) c2.cp.kegg_legacy gsea-msigdb.org accessed 2026-07,False
EPOR,KEGG_JAK_STAT_SIGNALING,MSigDB KEGG_JAK_STAT_SIGNALING_PATHWAY (M17411 hsa04630) c2.cp.kegg_legacy gsea-msigdb.org accessed 2026-07,True
AKT1,KEGG_JAK_STAT_SIGNALING,MSigDB KEGG_JAK_STAT_SIGNALING_PATHWAY (M17411 hsa04630) c2.cp.kegg_legacy gsea-msigdb.org accessed 2026-07,True
AKT2,KEGG_JAK_STAT_SIGNALING,MSigDB KEGG_JAK_STAT_SIGNALING_PATHWAY (M17411 hsa04630) c2.cp.kegg_legacy gsea-msigdb.org accessed 2026-07,True
CLCF1,KEGG_JAK_STAT_SIGNALING,MSigDB KEGG_JAK_STAT_SIGNALING_PATHWAY (M17411 hsa04630) c2.cp.kegg_legacy gsea-msigdb.org accessed 2026-07,True
PIK3R5,KEGG_JAK_STAT_SIGNALING,MSigDB KEGG_JAK_STAT_SIGNALING_PATHWAY (M17411 hsa04630) c2.cp.kegg_legacy gsea-msigdb.org accessed 2026-07,True
CBLC,KEGG_JAK_STAT_SIGNALING,MSigDB KEGG_JAK_STAT_SIGNALING_PATHWAY (M17411 hsa04630) c2.cp.kegg_legacy gsea-msigdb.org accessed 2026-07,False
GH1,KEGG_JAK_STAT_SIGNALING,MSigDB KEGG_JAK_STAT_SIGNALING_PATHWAY (M17411 hsa04630) c2.cp.kegg_legacy gsea-msigdb.org accessed 2026-07,False
GH2,KEGG_JAK_STAT_SIGNALING,MSigDB KEGG_JAK_STAT_SIGNALING_PATHWAY (M17411 hsa04630) c2.cp.kegg_legacy gsea-msigdb.org accessed 2026-07,False
GHR,KEGG_JAK_STAT_SIGNALING,MSigDB KEGG_JAK_STAT_SIGNALING_PATHWAY (M17411 hsa04630) c2.cp.kegg_legacy gsea-msigdb.org accessed 2026-07,False
IFNL2,KEGG_JAK_STAT_SIGNALING,MSigDB KEGG_JAK_STAT_SIGNALING_PATHWAY (M17411 hsa04630) c2.cp.kegg_legacy gsea-msigdb.org accessed 2026-07,False
IFNL3,KEGG_JAK_STAT_SIGNALING,MSigDB KEGG_JAK_STAT_SIGNALING_PATHWAY (M17411 hsa04630) c2.cp.kegg_legacy gsea-msigdb.org accessed 2026-07,False
IFNL1,KEGG_JAK_STAT_SIGNALING,MSigDB KEGG_JAK_STAT_SIGNALING_PATHWAY (M17411 hsa04630) c2.cp.kegg_legacy gsea-msigdb.org accessed 2026-07,False
GRB2,KEGG_JAK_STAT_SIGNALING,MSigDB KEGG_JAK_STAT_SIGNALING_PATHWAY (M17411 hsa04630) c2.cp.kegg_legacy gsea-msigdb.org accessed 2026-07,True
IL19,KEGG_JAK_STAT_SIGNALING,MSigDB KEGG_JAK_STAT_SIGNALING_PATHWAY (M17411 hsa04630) c2.cp.kegg_legacy gsea-msigdb.org accessed 2026-07,False
SOCS7,KEGG_JAK_STAT_SIGNALING,MSigDB KEGG_JAK_STAT_SIGNALING_PATHWAY (M17411 hsa04630) c2.cp.kegg_legacy gsea-msigdb.org accessed 2026-07,True
IFNE,KEGG_JAK_STAT_SIGNALING,MSigDB KEGG_JAK_STAT_SIGNALING_PATHWAY (M17411 hsa04630) c2.cp.kegg_legacy gsea-msigdb.org accessed 2026-07,False
IFNA1,KEGG_JAK_STAT_SIGNALING,MSigDB KEGG_JAK_STAT_SIGNALING_PATHWAY (M17411 hsa04630) c2.cp.kegg_legacy gsea-msigdb.org accessed 2026-07,False
IFNA2,KEGG_JAK_STAT_SIGNALING,MSigDB KEGG_JAK_STAT_SIGNALING_PATHWAY (M17411 hsa04630) c2.cp.kegg_legacy gsea-msigdb.org accessed 2026-07,False
IFNA4,KEGG_JAK_STAT_SIGNALING,MSigDB KEGG_JAK_STAT_SIGNALING_PATHWAY (M17411 hsa04630) c2.cp.kegg_legacy gsea-msigdb.org accessed 2026-07,False
IFNA5,KEGG_JAK_STAT_SIGNALING,MSigDB KEGG_JAK_STAT_SIGNALING_PATHWAY (M17411 hsa04630) c2.cp.kegg_legacy gsea-msigdb.org accessed 2026-07,False
IFNA6,KEGG_JAK_STAT_SIGNALING,MSigDB KEGG_JAK_STAT_SIGNALING_PATHWAY (M17411 hsa04630) c2.cp.kegg_legacy gsea-msigdb.org accessed 2026-07,False
IFNA7,KEGG_JAK_STAT_SIGNALING,MSigDB KEGG_JAK_STAT_SIGNALING_PATHWAY (M17411 hsa04630) c2.cp.kegg_legacy gsea-msigdb.org accessed 2026-07,False
IFNA8,KEGG_JAK_STAT_SIGNALING,MSigDB KEGG_JAK_STAT_SIGNALING_PATHWAY (M17411 hsa04630) c2.cp.kegg_legacy gsea-msigdb.org accessed 2026-07,False
IFNA10,KEGG_JAK_STAT_SIGNALING,MSigDB KEGG_JAK_STAT_SIGNALING_PATHWAY (M17411 hsa04630) c2.cp.kegg_legacy gsea-msigdb.org accessed 2026-07,False
IFNA13,KEGG_JAK_STAT_SIGNALING,MSigDB KEGG_JAK_STAT_SIGNALING_PATHWAY (M17411 hsa04630) c2.cp.kegg_legacy gsea-msigdb.org accessed 2026-07,False
IFNA14,KEGG_JAK_STAT_SIGNALING,MSigDB KEGG_JAK_STAT_SIGNALING_PATHWAY (M17411 hsa04630) c2.cp.kegg_legacy gsea-msigdb.org accessed 2026-07,False
IFNA16,KEGG_JAK_STAT_SIGNALING,MSigDB KEGG_JAK_STAT_SIGNALING_PATHWAY (M17411 hsa04630) c2.cp.kegg_legacy gsea-msigdb.org accessed 2026-07,False
IFNA17,KEGG_JAK_STAT_SIGNALING,MSigDB KEGG_JAK_STAT_SIGNALING_PATHWAY (M17411 hsa04630) c2.cp.kegg_legacy gsea-msigdb.org accessed 2026-07,False
IFNA21,KEGG_JAK_STAT_SIGNALING,MSigDB KEGG_JAK_STAT_SIGNALING_PATHWAY (M17411 hsa04630) c2.cp.kegg_legacy gsea-msigdb.org accessed 2026-07,False
IFNAR1,KEGG_JAK_STAT_SIGNALING,MSigDB KEGG_JAK_STAT_SIGNALING_PATHWAY (M17411 hsa04630) c2.cp.kegg_legacy gsea-msigdb.org accessed 2026-07,True
IFNAR2,KEGG_JAK_STAT_SIGNALING,MSigDB KEGG_JAK_STAT_SIGNALING_PATHWAY (M17411 hsa04630) c2.cp.kegg_legacy gsea-msigdb.org accessed 2026-07,True
IFNB1,KEGG_JAK_STAT_SIGNALING,MSigDB KEGG_JAK_STAT_SIGNALING_PATHWAY (M17411 hsa04630) c2.cp.kegg_legacy gsea-msigdb.org accessed 2026-07,False
IFNG,KEGG_JAK_STAT_SIGNALING,MSigDB KEGG_JAK_STAT_SIGNALING_PATHWAY (M17411 hsa04630) c2.cp.kegg_legacy gsea-msigdb.org accessed 2026-07,True
IFNGR1,KEGG_JAK_STAT_SIGNALING,MSigDB KEGG_JAK_STAT_SIGNALING_PATHWAY (M17411 hsa04630) c2.cp.kegg_legacy gsea-msigdb.org accessed 2026-07,True
IFNGR2,KEGG_JAK_STAT_SIGNALING,MSigDB KEGG_JAK_STAT_SIGNALING_PATHWAY (M17411 hsa04630) c2.cp.kegg_legacy gsea-msigdb.org accessed 2026-07,True
IFNW1,KEGG_JAK_STAT_SIGNALING,MSigDB KEGG_JAK_STAT_SIGNALING_PATHWAY (M17411 hsa04630) c2.cp.kegg_legacy gsea-msigdb.org accessed 2026-07,False
IL2,KEGG_JAK_STAT_SIGNALING,MSigDB KEGG_JAK_STAT_SIGNALING_PATHWAY (M17411 hsa04630) c2.cp.kegg_legacy gsea-msigdb.org accessed 2026-07,True
IL2RA,KEGG_JAK_STAT_SIGNALING,MSigDB KEGG_JAK_STAT_SIGNALING_PATHWAY (M17411 hsa04630) c2.cp.kegg_legacy gsea-msigdb.org accessed 2026-07,True
IL2RB,KEGG_JAK_STAT_SIGNALING,MSigDB KEGG_JAK_STAT_SIGNALING_PATHWAY (M17411 hsa04630) c2.cp.kegg_legacy gsea-msigdb.org accessed 2026-07,True
IL2RG,KEGG_JAK_STAT_SIGNALING,MSigDB KEGG_JAK_STAT_SIGNALING_PATHWAY (M17411 hsa04630) c2.cp.kegg_legacy gsea-msigdb.org accessed 2026-07,False
IL3,KEGG_JAK_STAT_SIGNALING,MSigDB KEGG_JAK_STAT_SIGNALING_PATHWAY (M17411 hsa04630) c2.cp.kegg_legacy gsea-msigdb.org accessed 2026-07,True
IL3RA,KEGG_JAK_STAT_SIGNALING,MSigDB KEGG_JAK_STAT_SIGNALING_PATHWAY (M17411 hsa04630) c2.cp.kegg_legacy gsea-msigdb.org accessed 2026-07,True
IL4,KEGG_JAK_STAT_SIGNALING,MSigDB KEGG_JAK_STAT_SIGNALING_PATHWAY (M17411 hsa04630) c2.cp.kegg_legacy gsea-msigdb.org accessed 2026-07,True
IL4R,KEGG_JAK_STAT_SIGNALING,MSigDB KEGG_JAK_STAT_SIGNALING_PATHWAY (M17411 hsa04630) c2.cp.kegg_legacy gsea-msigdb.org accessed 2026-07,True
IL5,KEGG_JAK_STAT_SIGNALING,MSigDB KEGG_JAK_STAT_SIGNALING_PATHWAY (M17411 hsa04630) c2.cp.kegg_legacy gsea-msigdb.org accessed 2026-07,True
IL5RA,KEGG_JAK_STAT_SIGNALING,MSigDB KEGG_JAK_STAT_SIGNALING_PATHWAY (M17411 hsa04630) c2.cp.kegg_legacy gsea-msigdb.org accessed 2026-07,True
IL6,KEGG_JAK_STAT_SIGNALING,MSigDB KEGG_JAK_STAT_SIGNALING_PATHWAY (M17411 hsa04630) c2.cp.kegg_legacy gsea-msigdb.org accessed 2026-07,False
IL6R,KEGG_JAK_STAT_SIGNALING,MSigDB KEGG_JAK_STAT_SIGNALING_PATHWAY (M17411 hsa04630) c2.cp.kegg_legacy gsea-msigdb.org accessed 2026-07,True
IL6ST,KEGG_JAK_STAT_SIGNALING,MSigDB KEGG_JAK_STAT_SIGNALING_PATHWAY (M17411 hsa04630) c2.cp.kegg_legacy gsea-msigdb.org accessed 2026-07,True
IL7,KEGG_JAK_STAT_SIGNALING,MSigDB KEGG_JAK_STAT_SIGNALING_PATHWAY (M17411 hsa04630) c2.cp.kegg_legacy gsea-msigdb.org accessed 2026-07,False
IL7R,KEGG_JAK_STAT_SIGNALING,MSigDB KEGG_JAK_STAT_SIGNALING_PATHWAY (M17411 hsa04630) c2.cp.kegg_legacy gsea-msigdb.org accessed 2026-07,True
IL9,KEGG_JAK_STAT_SIGNALING,MSigDB KEGG_JAK_STAT_SIGNALING_PATHWAY (M17411 hsa04630) c2.cp.kegg_legacy gsea-msigdb.org accessed 2026-07,True
IL9R,KEGG_JAK_STAT_SIGNALING,MSigDB KEGG_JAK_STAT_SIGNALING_PATHWAY (M17411 hsa04630) c2.cp.kegg_legacy gsea-msigdb.org accessed 2026-07,True
IL10,KEGG_JAK_STAT_SIGNALING,MSigDB KEGG_JAK_STAT_SIGNALING_PATHWAY (M17411 hsa04630) c2.cp.kegg_legacy gsea-msigdb.org accessed 2026-07,True
IL10RA,KEGG_JAK_STAT_SIGNALING,MSigDB KEGG_JAK_STAT_SIGNALING_PATHWAY (M17411 hsa04630) c2.cp.kegg_legacy gsea-msigdb.org accessed 2026-07,True
IL10RB,KEGG_JAK_STAT_SIGNALING,MSigDB KEGG_JAK_STAT_SIGNALING_PATHWAY (M17411 hsa04630) c2.cp.kegg_legacy gsea-msigdb.org accessed 2026-07,True
IL11,KEGG_JAK_STAT_SIGNALING,MSigDB KEGG_JAK_STAT_SIGNALING_PATHWAY (M17411 hsa04630) c2.cp.kegg_legacy gsea-msigdb.org accessed 2026-07,False
IL11RA,KEGG_JAK_STAT_SIGNALING,MSigDB KEGG_JAK_STAT_SIGNALING_PATHWAY (M17411 hsa04630) c2.cp.kegg_legacy gsea-msigdb.org accessed 2026-07,True
IL12A,KEGG_JAK_STAT_SIGNALING,MSigDB KEGG_JAK_STAT_SIGNALING_PATHWAY (M17411 hsa04630) c2.cp.kegg_legacy gsea-msigdb.org accessed 2026-07,True
IL12B,KEGG_JAK_STAT_SIGNALING,MSigDB KEGG_JAK_STAT_SIGNALING_PATHWAY (M17411 hsa04630) c2.cp.kegg_legacy gsea-msigdb.org accessed 2026-07,False
IL12RB1,KEGG_JAK_STAT_SIGNALING,MSigDB KEGG_JAK_STAT_SIGNALING_PATHWAY (M17411 hsa04630) c2.cp.kegg_legacy gsea-msigdb.org accessed 2026-07,True
IL12RB2,KEGG_JAK_STAT_SIGNALING,MSigDB KEGG_JAK_STAT_SIGNALING_PATHWAY (M17411 hsa04630) c2.cp.kegg_legacy gsea-msigdb.org accessed 2026-07,True
IL13,KEGG_JAK_STAT_SIGNALING,MSigDB KEGG_JAK_STAT_SIGNALING_PATHWAY (M17411 hsa04630) c2.cp.kegg_legacy gsea-msigdb.org accessed 2026-07,True
IL13RA1,KEGG_JAK_STAT_SIGNALING,MSigDB KEGG_JAK_STAT_SIGNALING_PATHWAY (M17411 hsa04630) c2.cp.kegg_legacy gsea-msigdb.org accessed 2026-07,True
IL13RA2,KEGG_JAK_STAT_SIGNALING,MSigDB KEGG_JAK_STAT_SIGNALING_PATHWAY (M17411 hsa04630) c2.cp.kegg_legacy gsea-msigdb.org accessed 2026-07,False
IL15,KEGG_JAK_STAT_SIGNALING,MSigDB KEGG_JAK_STAT_SIGNALING_PATHWAY (M17411 hsa04630) c2.cp.kegg_legacy gsea-msigdb.org accessed 2026-07,True
IL15RA,KEGG_JAK_STAT_SIGNALING,MSigDB KEGG_JAK_STAT_SIGNALING_PATHWAY (M17411 hsa04630) c2.cp.kegg_legacy gsea-msigdb.org accessed 2026-07,True
JAK1,KEGG_JAK_STAT_SIGNALING,MSigDB KEGG_JAK_STAT_SIGNALING_PATHWAY (M17411 hsa04630) c2.cp.kegg_legacy gsea-msigdb.org accessed 2026-07,False
JAK2,KEGG_JAK_STAT_SIGNALING,MSigDB KEGG_JAK_STAT_SIGNALING_PATHWAY (M17411 hsa04630) c2.cp.kegg_legacy gsea-msigdb.org accessed 2026-07,True
JAK3,KEGG_JAK_STAT_SIGNALING,MSigDB KEGG_JAK_STAT_SIGNALING_PATHWAY (M17411 hsa04630) c2.cp.kegg_legacy gsea-msigdb.org accessed 2026-07,False
LEP,KEGG_JAK_STAT_SIGNALING,MSigDB KEGG_JAK_STAT_SIGNALING_PATHWAY (M17411 hsa04630) c2.cp.kegg_legacy gsea-msigdb.org accessed 2026-07,False
LEPR,KEGG_JAK_STAT_SIGNALING,MSigDB KEGG_JAK_STAT_SIGNALING_PATHWAY (M17411 hsa04630) c2.cp.kegg_legacy gsea-msigdb.org accessed 2026-07,True
LIF,KEGG_JAK_STAT_SIGNALING,MSigDB KEGG_JAK_STAT_SIGNALING_PATHWAY (M17411 hsa04630) c2.cp.kegg_legacy gsea-msigdb.org accessed 2026-07,True
LIFR,KEGG_JAK_STAT_SIGNALING,MSigDB KEGG_JAK_STAT_SIGNALING_PATHWAY (M17411 hsa04630) c2.cp.kegg_legacy gsea-msigdb.org accessed 2026-07,True
MPL,KEGG_JAK_STAT_SIGNALING,MSigDB KEGG_JAK_STAT_SIGNALING_PATHWAY (M17411 hsa04630) c2.cp.kegg_legacy gsea-msigdb.org accessed 2026-07,True
MYC,KEGG_JAK_STAT_SIGNALING,MSigDB KEGG_JAK_STAT_SIGNALING_PATHWAY (M17411 hsa04630) c2.cp.kegg_legacy gsea-msigdb.org accessed 2026-07,True
OSM,KEGG_JAK_STAT_SIGNALING,MSigDB KEGG_JAK_STAT_SIGNALING_PATHWAY (M17411 hsa04630) c2.cp.kegg_legacy gsea-msigdb.org accessed 2026-07,True
IL20,KEGG_JAK_STAT_SIGNALING,MSigDB KEGG_JAK_STAT_SIGNALING_PATHWAY (M17411 hsa04630) c2.cp.kegg_legacy gsea-msigdb.org accessed 2026-07,False
IL21R,KEGG_JAK_STAT_SIGNALING,MSigDB KEGG_JAK_STAT_SIGNALING_PATHWAY (M17411 hsa04630) c2.cp.kegg_legacy gsea-msigdb.org accessed 2026-07,True
IL22,KEGG_JAK_STAT_SIGNALING,MSigDB KEGG_JAK_STAT_SIGNALING_PATHWAY (M17411 hsa04630) c2.cp.kegg_legacy gsea-msigdb.org accessed 2026-07,True
IL23A,KEGG_JAK_STAT_SIGNALING,MSigDB KEGG_JAK_STAT_SIGNALING_PATHWAY (M17411 hsa04630) c2.cp.kegg_legacy gsea-msigdb.org accessed 2026-07,True
PIAS4,KEGG_JAK_STAT_SIGNALING,MSigDB KEGG_JAK_STAT_SIGNALING_PATHWAY (M17411 hsa04630) c2.cp.kegg_legacy gsea-msigdb.org accessed 2026-07,True
PIK3CA,KEGG_JAK_STAT_SIGNALING,MSigDB KEGG_JAK_STAT_SIGNALING_PATHWAY (M17411 hsa04630) c2.cp.kegg_legacy gsea-msigdb.org accessed 2026-07,True
PIK3CB,KEGG_JAK_STAT_SIGNALING,MSigDB KEGG_JAK_STAT_SIGNALING_PATHWAY (M17411 hsa04630) c2.cp.kegg_legacy gsea-msigdb.org accessed 2026-07,True
PIM1,KEGG_JAK_STAT_SIGNALING,MSigDB KEGG_JAK_STAT_SIGNALING_PATHWAY (M17411 hsa04630) c2.cp.kegg_legacy gsea-msigdb.org accessed 2026-07,True
PIK3CD,KEGG_JAK_STAT_SIGNALING,MSigDB KEGG_JAK_STAT_SIGNALING_PATHWAY (M17411 hsa04630) c2.cp.kegg_legacy gsea-msigdb.org accessed 2026-07,True
PIK3CG,KEGG_JAK_STAT_SIGNALING,MSigDB KEGG_JAK_STAT_SIGNALING_PATHWAY (M17411 hsa04630) c2.cp.kegg_legacy gsea-msigdb.org accessed 2026-07,True
PIK3R1,KEGG_JAK_STAT_SIGNALING,MSigDB KEGG_JAK_STAT_SIGNALING_PATHWAY (M17411 hsa04630) c2.cp.kegg_legacy gsea-msigdb.org accessed 2026-07,True
PIK3R2,KEGG_JAK_STAT_SIGNALING,MSigDB KEGG_JAK_STAT_SIGNALING_PATHWAY (M17411 hsa04630) c2.cp.kegg_legacy gsea-msigdb.org accessed 2026-07,True
IL20RA,KEGG_JAK_STAT_SIGNALING,MSigDB KEGG_JAK_STAT_SIGNALING_PATHWAY (M17411 hsa04630) c2.cp.kegg_legacy gsea-msigdb.org accessed 2026-07,False
IL20RB,KEGG_JAK_STAT_SIGNALING,MSigDB KEGG_JAK_STAT_SIGNALING_PATHWAY (M17411 hsa04630) c2.cp.kegg_legacy gsea-msigdb.org accessed 2026-07,False
IL26,KEGG_JAK_STAT_SIGNALING,MSigDB KEGG_JAK_STAT_SIGNALING_PATHWAY (M17411 hsa04630) c2.cp.kegg_legacy gsea-msigdb.org accessed 2026-07,True
PRL,KEGG_JAK_STAT_SIGNALING,MSigDB KEGG_JAK_STAT_SIGNALING_PATHWAY (M17411 hsa04630) c2.cp.kegg_legacy gsea-msigdb.org accessed 2026-07,False
PRLR,KEGG_JAK_STAT_SIGNALING,MSigDB KEGG_JAK_STAT_SIGNALING_PATHWAY (M17411 hsa04630) c2.cp.kegg_legacy gsea-msigdb.org accessed 2026-07,False
IFNK,KEGG_JAK_STAT_SIGNALING,MSigDB KEGG_JAK_STAT_SIGNALING_PATHWAY (M17411 hsa04630) c2.cp.kegg_legacy gsea-msigdb.org accessed 2026-07,False
PTPN6,KEGG_JAK_STAT_SIGNALING,MSigDB KEGG_JAK_STAT_SIGNALING_PATHWAY (M17411 hsa04630) c2.cp.kegg_legacy gsea-msigdb.org accessed 2026-07,True
PTPN11,KEGG_JAK_STAT_SIGNALING,MSigDB KEGG_JAK_STAT_SIGNALING_PATHWAY (M17411 hsa04630) c2.cp.kegg_legacy gsea-msigdb.org accessed 2026-07,True
IL22RA1,KEGG_JAK_STAT_SIGNALING,MSigDB KEGG_JAK_STAT_SIGNALING_PATHWAY (M17411 hsa04630) c2.cp.kegg_legacy gsea-msigdb.org accessed 2026-07,False
IL21,KEGG_JAK_STAT_SIGNALING,MSigDB KEGG_JAK_STAT_SIGNALING_PATHWAY (M17411 hsa04630) c2.cp.kegg_legacy gsea-msigdb.org accessed 2026-07,True
CCND1,KEGG_JAK_STAT_SIGNALING,MSigDB KEGG_JAK_STAT_SIGNALING_PATHWAY (M17411 hsa04630) c2.cp.kegg_legacy gsea-msigdb.org accessed 2026-07,True
BCL2L1,KEGG_JAK_STAT_SIGNALING,MSigDB KEGG_JAK_STAT_SIGNALING_PATHWAY (M17411 hsa04630) c2.cp.kegg_legacy gsea-msigdb.org accessed 2026-07,True
CRLF2,KEGG_JAK_STAT_SIGNALING,MSigDB KEGG_JAK_STAT_SIGNALING_PATHWAY (M17411 hsa04630) c2.cp.kegg_legacy gsea-msigdb.org accessed 2026-07,True
SOS1,KEGG_JAK_STAT_SIGNALING,MSigDB KEGG_JAK_STAT_SIGNALING_PATHWAY (M17411 hsa04630) c2.cp.kegg_legacy gsea-msigdb.org accessed 2026-07,True
SOS2,KEGG_JAK_STAT_SIGNALING,MSigDB KEGG_JAK_STAT_SIGNALING_PATHWAY (M17411 hsa04630) c2.cp.kegg_legacy gsea-msigdb.org accessed 2026-07,True
STAT1,KEGG_JAK_STAT_SIGNALING,MSigDB KEGG_JAK_STAT_SIGNALING_PATHWAY (M17411 hsa04630) c2.cp.kegg_legacy gsea-msigdb.org accessed 2026-07,True
STAT2,KEGG_JAK_STAT_SIGNALING,MSigDB KEGG_JAK_STAT_SIGNALING_PATHWAY (M17411 hsa04630) c2.cp.kegg_legacy gsea-msigdb.org accessed 2026-07,True
STAT3,KEGG_JAK_STAT_SIGNALING,MSigDB KEGG_JAK_STAT_SIGNALING_PATHWAY (M17411 hsa04630) c2.cp.kegg_legacy gsea-msigdb.org accessed 2026-07,True
STAT4,KEGG_JAK_STAT_SIGNALING,MSigDB KEGG_JAK_STAT_SIGNALING_PATHWAY (M17411 hsa04630) c2.cp.kegg_legacy gsea-msigdb.org accessed 2026-07,True
STAT5A,KEGG_JAK_STAT_SIGNALING,MSigDB KEGG_JAK_STAT_SIGNALING_PATHWAY (M17411 hsa04630) c2.cp.kegg_legacy gsea-msigdb.org accessed 2026-07,True
STAT5B,KEGG_JAK_STAT_SIGNALING,MSigDB KEGG_JAK_STAT_SIGNALING_PATHWAY (M17411 hsa04630) c2.cp.kegg_legacy gsea-msigdb.org accessed 2026-07,True
STAT6,KEGG_JAK_STAT_SIGNALING,MSigDB KEGG_JAK_STAT_SIGNALING_PATHWAY (M17411 hsa04630) c2.cp.kegg_legacy gsea-msigdb.org accessed 2026-07,True
TPO,KEGG_JAK_STAT_SIGNALING,MSigDB KEGG_JAK_STAT_SIGNALING_PATHWAY (M17411 hsa04630) c2.cp.kegg_legacy gsea-msigdb.org accessed 2026-07,False
TYK2,KEGG_JAK_STAT_SIGNALING,MSigDB KEGG_JAK_STAT_SIGNALING_PATHWAY (M17411 hsa04630) c2.cp.kegg_legacy gsea-msigdb.org accessed 2026-07,True
STAM,KEGG_JAK_STAT_SIGNALING,MSigDB KEGG_JAK_STAT_SIGNALING_PATHWAY (M17411 hsa04630) c2.cp.kegg_legacy gsea-msigdb.org accessed 2026-07,True
SPRY4,KEGG_JAK_STAT_SIGNALING,MSigDB KEGG_JAK_STAT_SIGNALING_PATHWAY (M17411 hsa04630) c2.cp.kegg_legacy gsea-msigdb.org accessed 2026-07,False
PIK3R3,KEGG_JAK_STAT_SIGNALING,MSigDB KEGG_JAK_STAT_SIGNALING_PATHWAY (M17411 hsa04630) c2.cp.kegg_legacy gsea-msigdb.org accessed 2026-07,False
TSLP,KEGG_JAK_STAT_SIGNALING,MSigDB KEGG_JAK_STAT_SIGNALING_PATHWAY (M17411 hsa04630) c2.cp.kegg_legacy gsea-msigdb.org accessed 2026-07,True
PIAS1,KEGG_JAK_STAT_SIGNALING,MSigDB KEGG_JAK_STAT_SIGNALING_PATHWAY (M17411 hsa04630) c2.cp.kegg_legacy gsea-msigdb.org accessed 2026-07,True
SOCS1,KEGG_JAK_STAT_SIGNALING,MSigDB KEGG_JAK_STAT_SIGNALING_PATHWAY (M17411 hsa04630) c2.cp.kegg_legacy gsea-msigdb.org accessed 2026-07,True
CBL,KEGG_JAK_STAT_SIGNALING,MSigDB KEGG_JAK_STAT_SIGNALING_PATHWAY (M17411 hsa04630) c2.cp.kegg_legacy gsea-msigdb.org accessed 2026-07,True
CBLB,KEGG_JAK_STAT_SIGNALING,MSigDB KEGG_JAK_STAT_SIGNALING_PATHWAY (M17411 hsa04630) c2.cp.kegg_legacy gsea-msigdb.org accessed 2026-07,True
SOCS2,KEGG_JAK_STAT_SIGNALING,MSigDB KEGG_JAK_STAT_SIGNALING_PATHWAY (M17411 hsa04630) c2.cp.kegg_legacy gsea-msigdb.org accessed 2026-07,True
CCND2,KEGG_JAK_STAT_SIGNALING,MSigDB KEGG_JAK_STAT_SIGNALING_PATHWAY (M17411 hsa04630) c2.cp.kegg_legacy gsea-msigdb.org accessed 2026-07,True
CCND3,KEGG_JAK_STAT_SIGNALING,MSigDB KEGG_JAK_STAT_SIGNALING_PATHWAY (M17411 hsa04630) c2.cp.kegg_legacy gsea-msigdb.org accessed 2026-07,True
SOCS3,KEGG_JAK_STAT_SIGNALING,MSigDB KEGG_JAK_STAT_SIGNALING_PATHWAY (M17411 hsa04630) c2.cp.kegg_legacy gsea-msigdb.org accessed 2026-07,True
PIAS2,KEGG_JAK_STAT_SIGNALING,MSigDB KEGG_JAK_STAT_SIGNALING_PATHWAY (M17411 hsa04630) c2.cp.kegg_legacy gsea-msigdb.org accessed 2026-07,True
OSMR,KEGG_JAK_STAT_SIGNALING,MSigDB KEGG_JAK_STAT_SIGNALING_PATHWAY (M17411 hsa04630) c2.cp.kegg_legacy gsea-msigdb.org accessed 2026-07,True
SOCS5,KEGG_JAK_STAT_SIGNALING,MSigDB KEGG_JAK_STAT_SIGNALING_PATHWAY (M17411 hsa04630) c2.cp.kegg_legacy gsea-msigdb.org accessed 2026-07,True
GAB2,REACTOME_IL2_FAMILY_SIGNALING,MSigDB REACTOME_INTERLEUKIN_2_FAMILY_SIGNALING (M1012 R-HSA-451927) v2026.1.Hs Reactome-95 gsea-msigdb.org accessed 2026-07,True
PIK3CB,REACTOME_IL2_FAMILY_SIGNALING,MSigDB REACTOME_INTERLEUKIN_2_FAMILY_SIGNALING (M1012 R-HSA-451927) v2026.1.Hs Reactome-95 gsea-msigdb.org accessed 2026-07,True
IL5RA,REACTOME_IL2_FAMILY_SIGNALING,MSigDB REACTOME_INTERLEUKIN_2_FAMILY_SIGNALING (M1012 R-HSA-451927) v2026.1.Hs Reactome-95 gsea-msigdb.org accessed 2026-07,True
JAK2,REACTOME_IL2_FAMILY_SIGNALING,MSigDB REACTOME_INTERLEUKIN_2_FAMILY_SIGNALING (M1012 R-HSA-451927) v2026.1.Hs Reactome-95 gsea-msigdb.org accessed 2026-07,True
CSF2RB,REACTOME_IL2_FAMILY_SIGNALING,MSigDB REACTOME_INTERLEUKIN_2_FAMILY_SIGNALING (M1012 R-HSA-451927) v2026.1.Hs Reactome-95 gsea-msigdb.org accessed 2026-07,True
IL2RB,REACTOME_IL2_FAMILY_SIGNALING,MSigDB REACTOME_INTERLEUKIN_2_FAMILY_SIGNALING (M1012 R-HSA-451927) v2026.1.Hs Reactome-95 gsea-msigdb.org accessed 2026-07,True
SOS2,REACTOME_IL2_FAMILY_SIGNALING,MSigDB REACTOME_INTERLEUKIN_2_FAMILY_SIGNALING (M1012 R-HSA-451927) v2026.1.Hs Reactome-95 gsea-msigdb.org accessed 2026-07,True
IL21R,REACTOME_IL2_FAMILY_SIGNALING,MSigDB REACTOME_INTERLEUKIN_2_FAMILY_SIGNALING (M1012 R-HSA-451927) v2026.1.Hs Reactome-95 gsea-msigdb.org accessed 2026-07,True
JAK3,REACTOME_IL2_FAMILY_SIGNALING,MSigDB REACTOME_INTERLEUKIN_2_FAMILY_SIGNALING (M1012 R-HSA-451927) v2026.1.Hs Reactome-95 gsea-msigdb.org accessed 2026-07,False
PIK3R2,REACTOME_IL2_FAMILY_SIGNALING,MSigDB REACTOME_INTERLEUKIN_2_FAMILY_SIGNALING (M1012 R-HSA-451927) v2026.1.Hs Reactome-95 gsea-msigdb.org accessed 2026-07,True
IL2,REACTOME_IL2_FAMILY_SIGNALING,MSigDB REACTOME_INTERLEUKIN_2_FAMILY_SIGNALING (M1012 R-HSA-451927) v2026.1.Hs Reactome-95 gsea-msigdb.org accessed 2026-07,True
PTPN6,REACTOME_IL2_FAMILY_SIGNALING,MSigDB REACTOME_INTERLEUKIN_2_FAMILY_SIGNALING (M1012 R-HSA-451927) v2026.1.Hs Reactome-95 gsea-msigdb.org accessed 2026-07,True
IL5,REACTOME_IL2_FAMILY_SIGNALING,MSigDB REACTOME_INTERLEUKIN_2_FAMILY_SIGNALING (M1012 R-HSA-451927) v2026.1.Hs Reactome-95 gsea-msigdb.org accessed 2026-07,True
STAT1,REACTOME_IL2_FAMILY_SIGNALING,MSigDB REACTOME_INTERLEUKIN_2_FAMILY_SIGNALING (M1012 R-HSA-451927) v2026.1.Hs Reactome-95 gsea-msigdb.org accessed 2026-07,True
SOS1,REACTOME_IL2_FAMILY_SIGNALING,MSigDB REACTOME_INTERLEUKIN_2_FAMILY_SIGNALING (M1012 R-HSA-451927) v2026.1.Hs Reactome-95 gsea-msigdb.org accessed 2026-07,True
PIK3R3,REACTOME_IL2_FAMILY_SIGNALING,MSigDB REACTOME_INTERLEUKIN_2_FAMILY_SIGNALING (M1012 R-HSA-451927) v2026.1.Hs Reactome-95 gsea-msigdb.org accessed 2026-07,False
PTK2B,REACTOME_IL2_FAMILY_SIGNALING,MSigDB REACTOME_INTERLEUKIN_2_FAMILY_SIGNALING (M1012 R-HSA-451927) v2026.1.Hs Reactome-95 gsea-msigdb.org accessed 2026-07,True
PIK3CA,REACTOME_IL2_FAMILY_SIGNALING,MSigDB REACTOME_INTERLEUKIN_2_FAMILY_SIGNALING (M1012 R-HSA-451927) v2026.1.Hs Reactome-95 gsea-msigdb.org accessed 2026-07,True
IL9R,REACTOME_IL2_FAMILY_SIGNALING,MSigDB REACTOME_INTERLEUKIN_2_FAMILY_SIGNALING (M1012 R-HSA-451927) v2026.1.Hs Reactome-95 gsea-msigdb.org accessed 2026-07,True
STAT5A,REACTOME_IL2_FAMILY_SIGNALING,MSigDB REACTOME_INTERLEUKIN_2_FAMILY_SIGNALING (M1012 R-HSA-451927) v2026.1.Hs Reactome-95 gsea-msigdb.org accessed 2026-07,True
IL2RA,REACTOME_IL2_FAMILY_SIGNALING,MSigDB REACTOME_INTERLEUKIN_2_FAMILY_SIGNALING (M1012 R-HSA-451927) v2026.1.Hs Reactome-95 gsea-msigdb.org accessed 2026-07,True
IL15RA,REACTOME_IL2_FAMILY_SIGNALING,MSigDB REACTOME_INTERLEUKIN_2_FAMILY_SIGNALING (M1012 R-HSA-451927) v2026.1.Hs Reactome-95 gsea-msigdb.org accessed 2026-07,True
HAVCR2,REACTOME_IL2_FAMILY_SIGNALING,MSigDB REACTOME_INTERLEUKIN_2_FAMILY_SIGNALING (M1012 R-HSA-451927) v2026.1.Hs Reactome-95 gsea-msigdb.org accessed 2026-07,True
STAT4,REACTOME_IL2_FAMILY_SIGNALING,MSigDB REACTOME_INTERLEUKIN_2_FAMILY_SIGNALING (M1012 R-HSA-451927) v2026.1.Hs Reactome-95 gsea-msigdb.org accessed 2026-07,True
IL21,REACTOME_IL2_FAMILY_SIGNALING,MSigDB REACTOME_INTERLEUKIN_2_FAMILY_SIGNALING (M1012 R-HSA-451927) v2026.1.Hs Reactome-95 gsea-msigdb.org accessed 2026-07,True
PIK3R1,REACTOME_IL2_FAMILY_SIGNALING,MSigDB REACTOME_INTERLEUKIN_2_FAMILY_SIGNALING (M1012 R-HSA-451927) v2026.1.Hs Reactome-95 gsea-msigdb.org accessed 2026-07,True
IL9,REACTOME_IL2_FAMILY_SIGNALING,MSigDB REACTOME_INTERLEUKIN_2_FAMILY_SIGNALING (M1012 R-HSA-451927) v2026.1.Hs Reactome-95 gsea-msigdb.org accessed 2026-07,True
IL2RG,REACTOME_IL2_FAMILY_SIGNALING,MSigDB REACTOME_INTERLEUKIN_2_FAMILY_SIGNALING (M1012 R-HSA-451927) v2026.1.Hs Reactome-95 gsea-msigdb.org accessed 2026-07,False
SHC1,REACTOME_IL2_FAMILY_SIGNALING,MSigDB REACTOME_INTERLEUKIN_2_FAMILY_SIGNALING (M1012 R-HSA-451927) v2026.1.Hs Reactome-95 gsea-msigdb.org accessed 2026-07,True
JAK1,REACTOME_IL2_FAMILY_SIGNALING,MSigDB REACTOME_INTERLEUKIN_2_FAMILY_SIGNALING (M1012 R-HSA-451927) v2026.1.Hs Reactome-95 gsea-msigdb.org accessed 2026-07,False
IL15,REACTOME_IL2_FAMILY_SIGNALING,MSigDB REACTOME_INTERLEUKIN_2_FAMILY_SIGNALING (M1012 R-HSA-451927) v2026.1.Hs Reactome-95 gsea-msigdb.org accessed 2026-07,True
IL3,REACTOME_IL2_FAMILY_SIGNALING,MSigDB REACTOME_INTERLEUKIN_2_FAMILY_SIGNALING (M1012 R-HSA-451927) v2026.1.Hs Reactome-95 gsea-msigdb.org accessed 2026-07,True
CSF2,REACTOME_IL2_FAMILY_SIGNALING,MSigDB REACTOME_INTERLEUKIN_2_FAMILY_SIGNALING (M1012 R-HSA-451927) v2026.1.Hs Reactome-95 gsea-msigdb.org accessed 2026-07,True
SYK,REACTOME_IL2_FAMILY_SIGNALING,MSigDB REACTOME_INTERLEUKIN_2_FAMILY_SIGNALING (M1012 R-HSA-451927) v2026.1.Hs Reactome-95 gsea-msigdb.org accessed 2026-07,True
INPPL1,REACTOME_IL2_FAMILY_SIGNALING,MSigDB REACTOME_INTERLEUKIN_2_FAMILY_SIGNALING (M1012 R-HSA-451927) v2026.1.Hs Reactome-95 gsea-msigdb.org accessed 2026-07,True
STAT3,REACTOME_IL2_FAMILY_SIGNALING,MSigDB REACTOME_INTERLEUKIN_2_FAMILY_SIGNALING (M1012 R-HSA-451927) v2026.1.Hs Reactome-95 gsea-msigdb.org accessed 2026-07,True
INPP5D,REACTOME_IL2_FAMILY_SIGNALING,MSigDB REACTOME_INTERLEUKIN_2_FAMILY_SIGNALING (M1012 R-HSA-451927) v2026.1.Hs Reactome-95 gsea-msigdb.org accessed 2026-07,True
LGALS9,REACTOME_IL2_FAMILY_SIGNALING,MSigDB REACTOME_INTERLEUKIN_2_FAMILY_SIGNALING (M1012 R-HSA-451927) v2026.1.Hs Reactome-95 gsea-msigdb.org accessed 2026-07,True
PIK3CD,REACTOME_IL2_FAMILY_SIGNALING,MSigDB REACTOME_INTERLEUKIN_2_FAMILY_SIGNALING (M1012 R-HSA-451927) v2026.1.Hs Reactome-95 gsea-msigdb.org accessed 2026-07,True
STAT5B,REACTOME_IL2_FAMILY_SIGNALING,MSigDB REACTOME_INTERLEUKIN_2_FAMILY_SIGNALING (M1012 R-HSA-451927) v2026.1.Hs Reactome-95 gsea-msigdb.org accessed 2026-07,True
GRB2,REACTOME_IL2_FAMILY_SIGNALING,MSigDB REACTOME_INTERLEUKIN_2_FAMILY_SIGNALING (M1012 R-HSA-451927) v2026.1.Hs Reactome-95 gsea-msigdb.org accessed 2026-07,True
LCK,REACTOME_IL2_FAMILY_SIGNALING,MSigDB REACTOME_INTERLEUKIN_2_FAMILY_SIGNALING (M1012 R-HSA-451927) v2026.1.Hs Reactome-95 gsea-msigdb.org accessed 2026-07,True
IL3RA,REACTOME_IL2_FAMILY_SIGNALING,MSigDB REACTOME_INTERLEUKIN_2_FAMILY_SIGNALING (M1012 R-HSA-451927) v2026.1.Hs Reactome-95 gsea-msigdb.org accessed 2026-07,True
CSF2RA,REACTOME_IL2_FAMILY_SIGNALING,MSigDB REACTOME_INTERLEUKIN_2_FAMILY_SIGNALING (M1012 R-HSA-451927) v2026.1.Hs Reactome-95 gsea-msigdb.org accessed 2026-07,True
TAB1,KEGG_NFKB_SIGNALING,KEGG PATHWAY hsa04064 NF-kappaB signaling pathway rest.kegg.jp/get/hsa04064 accessed 2026-07,True
TNFSF13B,KEGG_NFKB_SIGNALING,KEGG PATHWAY hsa04064 NF-kappaB signaling pathway rest.kegg.jp/get/hsa04064 accessed 2026-07,True
PPP1R13L,KEGG_NFKB_SIGNALING,KEGG PATHWAY hsa04064 NF-kappaB signaling pathway rest.kegg.jp/get/hsa04064 accessed 2026-07,True
MALT1,KEGG_NFKB_SIGNALING,KEGG PATHWAY hsa04064 NF-kappaB signaling pathway rest.kegg.jp/get/hsa04064 accessed 2026-07,True
GADD45G,KEGG_NFKB_SIGNALING,KEGG PATHWAY hsa04064 NF-kappaB signaling pathway rest.kegg.jp/get/hsa04064 accessed 2026-07,True
EDAR,KEGG_NFKB_SIGNALING,KEGG PATHWAY hsa04064 NF-kappaB signaling pathway rest.kegg.jp/get/hsa04064 accessed 2026-07,True
TIRAP,KEGG_NFKB_SIGNALING,KEGG PATHWAY hsa04064 NF-kappaB signaling pathway rest.kegg.jp/get/hsa04064 accessed 2026-07,True
CHUK,KEGG_NFKB_SIGNALING,KEGG PATHWAY hsa04064 NF-kappaB signaling pathway rest.kegg.jp/get/hsa04064 accessed 2026-07,True
TNFRSF13C,KEGG_NFKB_SIGNALING,KEGG PATHWAY hsa04064 NF-kappaB signaling pathway rest.kegg.jp/get/hsa04064 accessed 2026-07,True
EDARADD,KEGG_NFKB_SIGNALING,KEGG PATHWAY hsa04064 NF-kappaB signaling pathway rest.kegg.jp/get/hsa04064 accessed 2026-07,True
PARP1,KEGG_NFKB_SIGNALING,KEGG PATHWAY hsa04064 NF-kappaB signaling pathway rest.kegg.jp/get/hsa04064 accessed 2026-07,True
CSNK2A1,KEGG_NFKB_SIGNALING,KEGG PATHWAY hsa04064 NF-kappaB signaling pathway rest.kegg.jp/get/hsa04064 accessed 2026-07,True
CSNK2A2,KEGG_NFKB_SIGNALING,KEGG PATHWAY hsa04064 NF-kappaB signaling pathway rest.kegg.jp/get/hsa04064 accessed 2026-07,True
CSNK2B,KEGG_NFKB_SIGNALING,KEGG PATHWAY hsa04064 NF-kappaB signaling pathway rest.kegg.jp/get/hsa04064 accessed 2026-07,True
TICAM1,KEGG_NFKB_SIGNALING,KEGG PATHWAY hsa04064 NF-kappaB signaling pathway rest.kegg.jp/get/hsa04064 accessed 2026-07,True
CYLD,KEGG_NFKB_SIGNALING,KEGG PATHWAY hsa04064 NF-kappaB signaling pathway rest.kegg.jp/get/hsa04064 accessed 2026-07,True
GADD45A,KEGG_NFKB_SIGNALING,KEGG PATHWAY hsa04064 NF-kappaB signaling pathway rest.kegg.jp/get/hsa04064 accessed 2026-07,True
EDA,KEGG_NFKB_SIGNALING,KEGG PATHWAY hsa04064 NF-kappaB signaling pathway rest.kegg.jp/get/hsa04064 accessed 2026-07,True
ERC1,KEGG_NFKB_SIGNALING,KEGG PATHWAY hsa04064 NF-kappaB signaling pathway rest.kegg.jp/get/hsa04064 accessed 2026-07,True
TAB2,KEGG_NFKB_SIGNALING,KEGG PATHWAY hsa04064 NF-kappaB signaling pathway rest.kegg.jp/get/hsa04064 accessed 2026-07,False
RIGI,KEGG_NFKB_SIGNALING,KEGG PATHWAY hsa04064 NF-kappaB signaling pathway rest.kegg.jp/get/hsa04064 accessed 2026-07,True
LY96,KEGG_NFKB_SIGNALING,KEGG PATHWAY hsa04064 NF-kappaB signaling pathway rest.kegg.jp/get/hsa04064 accessed 2026-07,True
TAB3,KEGG_NFKB_SIGNALING,KEGG PATHWAY hsa04064 NF-kappaB signaling pathway rest.kegg.jp/get/hsa04064 accessed 2026-07,True
LAT,KEGG_NFKB_SIGNALING,KEGG PATHWAY hsa04064 NF-kappaB signaling pathway rest.kegg.jp/get/hsa04064 accessed 2026-07,True
CSNK2A3,KEGG_NFKB_SIGNALING,KEGG PATHWAY hsa04064 NF-kappaB signaling pathway rest.kegg.jp/get/hsa04064 accessed 2026-07,False
CXCL1,KEGG_NFKB_SIGNALING,KEGG PATHWAY hsa04064 NF-kappaB signaling pathway rest.kegg.jp/get/hsa04064 accessed 2026-07,True
CXCL2,KEGG_NFKB_SIGNALING,KEGG PATHWAY hsa04064 NF-kappaB signaling pathway rest.kegg.jp/get/hsa04064 accessed 2026-07,False
CXCL3,KEGG_NFKB_SIGNALING,KEGG PATHWAY hsa04064 NF-kappaB signaling pathway rest.kegg.jp/get/hsa04064 accessed 2026-07,True
BLNK,KEGG_NFKB_SIGNALING,KEGG PATHWAY hsa04064 NF-kappaB signaling pathway rest.kegg.jp/get/hsa04064 accessed 2026-07,False
CARD10,KEGG_NFKB_SIGNALING,KEGG PATHWAY hsa04064 NF-kappaB signaling pathway rest.kegg.jp/get/hsa04064 accessed 2026-07,False
BIRC2,KEGG_NFKB_SIGNALING,KEGG PATHWAY hsa04064 NF-kappaB signaling pathway rest.kegg.jp/get/hsa04064 accessed 2026-07,True
BIRC3,KEGG_NFKB_SIGNALING,KEGG PATHWAY hsa04064 NF-kappaB signaling pathway rest.kegg.jp/get/hsa04064 accessed 2026-07,True
XIAP,KEGG_NFKB_SIGNALING,KEGG PATHWAY hsa04064 NF-kappaB signaling pathway rest.kegg.jp/get/hsa04064 accessed 2026-07,True
ICAM1,KEGG_NFKB_SIGNALING,KEGG PATHWAY hsa04064 NF-kappaB signaling pathway rest.kegg.jp/get/hsa04064 accessed 2026-07,True
TICAM2,KEGG_NFKB_SIGNALING,KEGG PATHWAY hsa04064 NF-kappaB signaling pathway rest.kegg.jp/get/hsa04064 accessed 2026-07,False
IKBKB,KEGG_NFKB_SIGNALING,KEGG PATHWAY hsa04064 NF-kappaB signaling pathway rest.kegg.jp/get/hsa04064 accessed 2026-07,True
IL1B,KEGG_NFKB_SIGNALING,KEGG PATHWAY hsa04064 NF-kappaB signaling pathway rest.kegg.jp/get/hsa04064 accessed 2026-07,True
IL1R1,KEGG_NFKB_SIGNALING,KEGG PATHWAY hsa04064 NF-kappaB signaling pathway rest.kegg.jp/get/hsa04064 accessed 2026-07,True
CXCL8,KEGG_NFKB_SIGNALING,KEGG PATHWAY hsa04064 NF-kappaB signaling pathway rest.kegg.jp/get/hsa04064 accessed 2026-07,True
IRAK1,KEGG_NFKB_SIGNALING,KEGG PATHWAY hsa04064 NF-kappaB signaling pathway rest.kegg.jp/get/hsa04064 accessed 2026-07,True
CCL4L1,KEGG_NFKB_SIGNALING,KEGG PATHWAY hsa04064 NF-kappaB signaling pathway rest.kegg.jp/get/hsa04064 accessed 2026-07,False
LBP,KEGG_NFKB_SIGNALING,KEGG PATHWAY hsa04064 NF-kappaB signaling pathway rest.kegg.jp/get/hsa04064 accessed 2026-07,False
LCK,KEGG_NFKB_SIGNALING,KEGG PATHWAY hsa04064 NF-kappaB signaling pathway rest.kegg.jp/get/hsa04064 accessed 2026-07,True
LTA,KEGG_NFKB_SIGNALING,KEGG PATHWAY hsa04064 NF-kappaB signaling pathway rest.kegg.jp/get/hsa04064 accessed 2026-07,True
LTB,KEGG_NFKB_SIGNALING,KEGG PATHWAY hsa04064 NF-kappaB signaling pathway rest.kegg.jp/get/hsa04064 accessed 2026-07,True
LTBR,KEGG_NFKB_SIGNALING,KEGG PATHWAY hsa04064 NF-kappaB signaling pathway rest.kegg.jp/get/hsa04064 accessed 2026-07,False
LYN,KEGG_NFKB_SIGNALING,KEGG PATHWAY hsa04064 NF-kappaB signaling pathway rest.kegg.jp/get/hsa04064 accessed 2026-07,True
MYD88,KEGG_NFKB_SIGNALING,KEGG PATHWAY hsa04064 NF-kappaB signaling pathway rest.kegg.jp/get/hsa04064 accessed 2026-07,True
GADD45B,KEGG_NFKB_SIGNALING,KEGG PATHWAY hsa04064 NF-kappaB signaling pathway rest.kegg.jp/get/hsa04064 accessed 2026-07,True
ATM,KEGG_NFKB_SIGNALING,KEGG PATHWAY hsa04064 NF-kappaB signaling pathway rest.kegg.jp/get/hsa04064 accessed 2026-07,True
NFKB1,KEGG_NFKB_SIGNALING,KEGG PATHWAY hsa04064 NF-kappaB signaling pathway rest.kegg.jp/get/hsa04064 accessed 2026-07,True
NFKB2,KEGG_NFKB_SIGNALING,KEGG PATHWAY hsa04064 NF-kappaB signaling pathway rest.kegg.jp/get/hsa04064 accessed 2026-07,True
NFKBIA,KEGG_NFKB_SIGNALING,KEGG PATHWAY hsa04064 NF-kappaB signaling pathway rest.kegg.jp/get/hsa04064 accessed 2026-07,True
IRAK4,KEGG_NFKB_SIGNALING,KEGG PATHWAY hsa04064 NF-kappaB signaling pathway rest.kegg.jp/get/hsa04064 accessed 2026-07,True
PIAS4,KEGG_NFKB_SIGNALING,KEGG PATHWAY hsa04064 NF-kappaB signaling pathway rest.kegg.jp/get/hsa04064 accessed 2026-07,True
PLAU,KEGG_NFKB_SIGNALING,KEGG PATHWAY hsa04064 NF-kappaB signaling pathway rest.kegg.jp/get/hsa04064 accessed 2026-07,False
PLCG1,KEGG_NFKB_SIGNALING,KEGG PATHWAY hsa04064 NF-kappaB signaling pathway rest.kegg.jp/get/hsa04064 accessed 2026-07,True
PLCG2,KEGG_NFKB_SIGNALING,KEGG PATHWAY hsa04064 NF-kappaB signaling pathway rest.kegg.jp/get/hsa04064 accessed 2026-07,True
PIDD1,KEGG_NFKB_SIGNALING,KEGG PATHWAY hsa04064 NF-kappaB signaling pathway rest.kegg.jp/get/hsa04064 accessed 2026-07,True
PRKCB,KEGG_NFKB_SIGNALING,KEGG PATHWAY hsa04064 NF-kappaB signaling pathway rest.kegg.jp/get/hsa04064 accessed 2026-07,True
PRKCQ,KEGG_NFKB_SIGNALING,KEGG PATHWAY hsa04064 NF-kappaB signaling pathway rest.kegg.jp/get/hsa04064 accessed 2026-07,True
PTGS2,KEGG_NFKB_SIGNALING,KEGG PATHWAY hsa04064 NF-kappaB signaling pathway rest.kegg.jp/get/hsa04064 accessed 2026-07,True
BCL2,KEGG_NFKB_SIGNALING,KEGG PATHWAY hsa04064 NF-kappaB signaling pathway rest.kegg.jp/get/hsa04064 accessed 2026-07,True
BCL2A1,KEGG_NFKB_SIGNALING,KEGG PATHWAY hsa04064 NF-kappaB signaling pathway rest.kegg.jp/get/hsa04064 accessed 2026-07,True
RELA,KEGG_NFKB_SIGNALING,KEGG PATHWAY hsa04064 NF-kappaB signaling pathway rest.kegg.jp/get/hsa04064 accessed 2026-07,True
RELB,KEGG_NFKB_SIGNALING,KEGG PATHWAY hsa04064 NF-kappaB signaling pathway rest.kegg.jp/get/hsa04064 accessed 2026-07,True
BCL2L1,KEGG_NFKB_SIGNALING,KEGG PATHWAY hsa04064 NF-kappaB signaling pathway rest.kegg.jp/get/hsa04064 accessed 2026-07,True
EDA2R,KEGG_NFKB_SIGNALING,KEGG PATHWAY hsa04064 NF-kappaB signaling pathway rest.kegg.jp/get/hsa04064 accessed 2026-07,False
CCL4,KEGG_NFKB_SIGNALING,KEGG PATHWAY hsa04064 NF-kappaB signaling pathway rest.kegg.jp/get/hsa04064 accessed 2026-07,True
CCL13,KEGG_NFKB_SIGNALING,KEGG PATHWAY hsa04064 NF-kappaB signaling pathway rest.kegg.jp/get/hsa04064 accessed 2026-07,False
CCL19,KEGG_NFKB_SIGNALING,KEGG PATHWAY hsa04064 NF-kappaB signaling pathway rest.kegg.jp/get/hsa04064 accessed 2026-07,False
CCL21,KEGG_NFKB_SIGNALING,KEGG PATHWAY hsa04064 NF-kappaB signaling pathway rest.kegg.jp/get/hsa04064 accessed 2026-07,False
CXCL12,KEGG_NFKB_SIGNALING,KEGG PATHWAY hsa04064 NF-kappaB signaling pathway rest.kegg.jp/get/hsa04064 accessed 2026-07,False
SYK,KEGG_NFKB_SIGNALING,KEGG PATHWAY hsa04064 NF-kappaB signaling pathway rest.kegg.jp/get/hsa04064 accessed 2026-07,True
MAP3K7,KEGG_NFKB_SIGNALING,KEGG PATHWAY hsa04064 NF-kappaB signaling pathway rest.kegg.jp/get/hsa04064 accessed 2026-07,False
BTK,KEGG_NFKB_SIGNALING,KEGG PATHWAY hsa04064 NF-kappaB signaling pathway rest.kegg.jp/get/hsa04064 accessed 2026-07,True
TLR4,KEGG_NFKB_SIGNALING,KEGG PATHWAY hsa04064 NF-kappaB signaling pathway rest.kegg.jp/get/hsa04064 accessed 2026-07,False
TNF,KEGG_NFKB_SIGNALING,KEGG PATHWAY hsa04064 NF-kappaB signaling pathway rest.kegg.jp/get/hsa04064 accessed 2026-07,True
TNFAIP3,KEGG_NFKB_SIGNALING,KEGG PATHWAY hsa04064 NF-kappaB signaling pathway rest.kegg.jp/get/hsa04064 accessed 2026-07,True
TNFRSF1A,KEGG_NFKB_SIGNALING,KEGG PATHWAY hsa04064 NF-kappaB signaling pathway rest.kegg.jp/get/hsa04064 accessed 2026-07,True
TRAF1,KEGG_NFKB_SIGNALING,KEGG PATHWAY hsa04064 NF-kappaB signaling pathway rest.kegg.jp/get/hsa04064 accessed 2026-07,True
TRAF2,KEGG_NFKB_SIGNALING,KEGG PATHWAY hsa04064 NF-kappaB signaling pathway rest.kegg.jp/get/hsa04064 accessed 2026-07,True
TRAF3,KEGG_NFKB_SIGNALING,KEGG PATHWAY hsa04064 NF-kappaB signaling pathway rest.kegg.jp/get/hsa04064 accessed 2026-07,True
TRAF5,KEGG_NFKB_SIGNALING,KEGG PATHWAY hsa04064 NF-kappaB signaling pathway rest.kegg.jp/get/hsa04064 accessed 2026-07,True
TRAF6,KEGG_NFKB_SIGNALING,KEGG PATHWAY hsa04064 NF-kappaB signaling pathway rest.kegg.jp/get/hsa04064 accessed 2026-07,True
UBE2I,KEGG_NFKB_SIGNALING,KEGG PATHWAY hsa04064 NF-kappaB signaling pathway rest.kegg.jp/get/hsa04064 accessed 2026-07,True
VCAM1,KEGG_NFKB_SIGNALING,KEGG PATHWAY hsa04064 NF-kappaB signaling pathway rest.kegg.jp/get/hsa04064 accessed 2026-07,False
ZAP70,KEGG_NFKB_SIGNALING,KEGG PATHWAY hsa04064 NF-kappaB signaling pathway rest.kegg.jp/get/hsa04064 accessed 2026-07,True
TRIM25,KEGG_NFKB_SIGNALING,KEGG PATHWAY hsa04064 NF-kappaB signaling pathway rest.kegg.jp/get/hsa04064 accessed 2026-07,True
CARD14,KEGG_NFKB_SIGNALING,KEGG PATHWAY hsa04064 NF-kappaB signaling pathway rest.kegg.jp/get/hsa04064 accessed 2026-07,False
CARD11,KEGG_NFKB_SIGNALING,KEGG PATHWAY hsa04064 NF-kappaB signaling pathway rest.kegg.jp/get/hsa04064 accessed 2026-07,True
IKBKG,KEGG_NFKB_SIGNALING,KEGG PATHWAY hsa04064 NF-kappaB signaling pathway rest.kegg.jp/get/hsa04064 accessed 2026-07,False
TNFSF11,KEGG_NFKB_SIGNALING,KEGG PATHWAY hsa04064 NF-kappaB signaling pathway rest.kegg.jp/get/hsa04064 accessed 2026-07,True
TRADD,KEGG_NFKB_SIGNALING,KEGG PATHWAY hsa04064 NF-kappaB signaling pathway rest.kegg.jp/get/hsa04064 accessed 2026-07,True
RIPK1,KEGG_NFKB_SIGNALING,KEGG PATHWAY hsa04064 NF-kappaB signaling pathway rest.kegg.jp/get/hsa04064 accessed 2026-07,True
TNFSF14,KEGG_NFKB_SIGNALING,KEGG PATHWAY hsa04064 NF-kappaB signaling pathway rest.kegg.jp/get/hsa04064 accessed 2026-07,True
TNFRSF11A,KEGG_NFKB_SIGNALING,KEGG PATHWAY hsa04064 NF-kappaB signaling pathway rest.kegg.jp/get/hsa04064 accessed 2026-07,True
CFLAR,KEGG_NFKB_SIGNALING,KEGG PATHWAY hsa04064 NF-kappaB signaling pathway rest.kegg.jp/get/hsa04064 accessed 2026-07,False
BCL10,KEGG_NFKB_SIGNALING,KEGG PATHWAY hsa04064 NF-kappaB signaling pathway rest.kegg.jp/get/hsa04064 accessed 2026-07,True
MAP3K14,KEGG_NFKB_SIGNALING,KEGG PATHWAY hsa04064 NF-kappaB signaling pathway rest.kegg.jp/get/hsa04064 accessed 2026-07,True
CD14,KEGG_NFKB_SIGNALING,KEGG PATHWAY hsa04064 NF-kappaB signaling pathway rest.kegg.jp/get/hsa04064 accessed 2026-07,True
CCL4L2,KEGG_NFKB_SIGNALING,KEGG PATHWAY hsa04064 NF-kappaB signaling pathway rest.kegg.jp/get/hsa04064 accessed 2026-07,True
CD40,KEGG_NFKB_SIGNALING,KEGG PATHWAY hsa04064 NF-kappaB signaling pathway rest.kegg.jp/get/hsa04064 accessed 2026-07,True
CD40LG,KEGG_NFKB_SIGNALING,KEGG PATHWAY hsa04064 NF-kappaB signaling pathway rest.kegg.jp/get/hsa04064 accessed 2026-07,True
